filename,label,topology,condition,pressure_bar
Branched_Circumferential_Crack_BR_CC_0.18_LPS_A1.wav,Circumferential_Crack,Branched,0.18_LPS,2.0
Branched_Circumferential_Crack_BR_CC_0.47_LPS_A1.wav,Circumferential_Crack,Branched,0.47_LPS,4.5
Branched_Circumferential_Crack_BR_CC_ND_A1.wav,Circumferential_Crack,Branched,ND,3.0
Branched_Circumferential_Crack_BR_CC_Transient_A1.wav,Circumferential_Crack,Branched,Transient,6.0
Branched_Gasket_Leak_BR_GL_0.18_LPS_A1.wav,Gasket_Leak,Branched,0.18_LPS,2.0
Branched_Gasket_Leak_BR_GL_0.47_LPS_A1.wav,Gasket_Leak,Branched,0.47_LPS,4.5
Branched_Gasket_Leak_BR_GL_ND_A1.wav,Gasket_Leak,Branched,ND,3.0
Branched_Gasket_Leak_BR_GL_Transient_A1.wav,Gasket_Leak,Branched,Transient,6.0
Branched_Longitudinal_Crack_BR_LC_0.18_LPS_A1.wav,Longitudinal_Crack,Branched,0.18_LPS,2.0
Branched_Longitudinal_Crack_BR_LC_0.47_LPS_A1.wav,Longitudinal_Crack,Branched,0.47_LPS,4.5
Branched_Longitudinal_Crack_BR_LC_ND_A1.wav,Longitudinal_Crack,Branched,ND,3.0
Branched_Longitudinal_Crack_BR_LC_Transient_A1.wav,Longitudinal_Crack,Branched,Transient,6.0
Branched_No-leak_BR_NL_0.18_LPS_A1.wav,No_Leak,Branched,0.18_LPS,2.0
Branched_No-leak_BR_NL_0.47_LPS_A1.wav,No_Leak,Branched,0.47_LPS,4.5
Branched_No-leak_BR_NL_ND_A1.wav,No_Leak,Branched,ND,3.0
Branched_No-leak_BR_NL_Transient_A1.wav,No_Leak,Branched,Transient,6.0
Branched_Orifice_Leak_BR_OL_0.18_LPS_A1.wav,Orifice_Leak,Branched,0.18_LPS,2.0
Branched_Orifice_Leak_BR_OL_0.47_LPS_A1.wav,Orifice_Leak,Branched,0.47_LPS,4.5
Branched_Orifice_Leak_BR_OL_ND_A1.wav,Orifice_Leak,Branched,ND,3.0
Branched_Orifice_Leak_BR_OL_Transient_A1.wav,Orifice_Leak,Branched,Transient,6.0
Looped_Circumferential_Crack_LO_CC_0.18_LPS_A1.wav,Circumferential_Crack,Looped,0.18_LPS,2.0
Looped_Circumferential_Crack_LO_CC_0.47_LPS_A1.wav,Circumferential_Crack,Looped,0.47_LPS,4.5
Looped_Circumferential_Crack_LO_CC_ND_A1.wav,Circumferential_Crack,Looped,ND,3.0
Looped_Circumferential_Crack_LO_CC_Transient_A1.wav,Circumferential_Crack,Looped,Transient,6.0
Looped_Gasket_Leak_LO_GL_0.18_LPS_A1.wav,Gasket_Leak,Looped,0.18_LPS,2.0
Looped_Gasket_Leak_LO_GL_0.47_LPS_A1.wav,Gasket_Leak,Looped,0.47_LPS,4.5
Looped_Gasket_Leak_LO_GL_ND_A1.wav,Gasket_Leak,Looped,ND,3.0
Looped_Gasket_Leak_LO_GL_Transient_A1.wav,Gasket_Leak,Looped,Transient,6.0
Looped_Longitudinal_Crack_LO_LC_0.18_LPS_A1.wav,Longitudinal_Crack,Looped,0.18_LPS,2.0
Looped_Longitudinal_Crack_LO_LC_0.47_LPS_A1.wav,Longitudinal_Crack,Looped,0.47_LPS,4.5
Looped_Longitudinal_Crack_LO_LC_ND_A1.wav,Longitudinal_Crack,Looped,ND,3.0
Looped_Longitudinal_Crack_LO_LC_Transient_A1.wav,Longitudinal_Crack,Looped,Transient,6.0
Looped_No-leak_LO_NL_0.18_LPS_A1.wav,No_Leak,Looped,0.18_LPS,2.0
Looped_No-leak_LO_NL_0.47_LPS_A1.wav,No_Leak,Looped,0.47_LPS,4.5
Looped_No-leak_LO_NL_ND_A1.wav,No_Leak,Looped,ND,3.0
Looped_No-leak_LO_NL_Transient_A1.wav,No_Leak,Looped,Transient,6.0
Looped_Orifice_Leak_LO_OL_0.18_LPS_A1.wav,Orifice_Leak,Looped,0.18_LPS,2.0
Looped_Orifice_Leak_LO_OL_0.47_LPS_A1.wav,Orifice_Leak,Looped,0.47_LPS,4.5
Looped_Orifice_Leak_LO_OL_ND_A1.wav,Orifice_Leak,Looped,ND,3.0
Looped_Orifice_Leak_LO_OL_Transient_A1.wav,Orifice_Leak,Looped,Transient,6.0
